Voice,Model,Ref,Pred,WER_Raw,WER_LLM,Time_Total,Time_ASR,Time_LLM,Pred_Raw
sample_000.wav,Whisper+Gemini,"Tim-tim virtual memiliki standar keunggulan yang sama dengan tim konvensional, tetapi ada sedikit perbedaan.","Tim-tim virtual memiliki standar keunggulan yang sama dengan tim konvensional, tetapi ada sedikit perbedaan.",0.2857142857142857,0.0,7.900269031524658,1.4181745052337646,6.4820945262908936," Tim tim virtual memiliki standard keunggulan yang sama dengan tim konfensional, tetapi ada sedikit perbedaan."
sample_001.wav,Whisper+Gemini,"Segera setelah permusuhan pecah, Britania memulai blokade laut Jerman.","Segera setelah permusuhan pecah, pihak yang memulai blokade Jerman.",0.6666666666666666,0.3333333333333333,7.877252578735352,0.4229288101196289,7.454323768615723," Segera setelah permusuhan pecah, pita nih yang memulai blokad ilau cerman."
sample_002.wav,Whisper+Gemini,"Semua nomina, di samping kata Sie untuk Anda, selalu dimulai dengan huruf kapital, bahkan di tengah kalimat.","Semua nominal disamakan rata sih, untuk Anda selalu dimulai dengan huruf kapital bahkan di tengah kalimat.",0.47058823529411764,0.4117647058823529,15.042754888534546,0.5726182460784912,14.470136642456055, semua nominah di sampen rata sih untuk anda selalu dimulai dengan hokkapital bahkan di tengah kalimat
sample_003.wav,Whisper+Gemini,"Ini sepertinya masuk akal, karena Bumi tidak terasa seperti bergerak, bukan begitu?","Ini sepertinya masuk akal karena kami tidak terasa seperti perkara, bukan begitu?",0.3333333333333333,0.25,4.287678241729736,0.45295262336730957,3.8347256183624268, ini sepertinya masuk akal karena kami tidak terasa seperti perkara bukan begitu
sample_004.wav,Whisper+Gemini,"Di sisi lain, kondisi yang dingin dan bersalju tergolong normal di banyak negara dan lalu lintas terus berlanjut tanpa gangguan sepanjang tahun.","Di sisi lain, kondisi yang tinggi dan pasar justru kolong normal di bawah negara dan lalu lintas terus berlanjut tanpa gangguan sepanjang tahun.",0.5,0.22727272727272727,28.535059213638306,0.7072935104370117,27.827765703201294," diisisi lain, kondisi yang tingin dan persaal juter kolong normal dipanya negara dan lalu dintas terus berlangjut tanpa pengguan sepanjang tahun."
sample_005.wav,Whisper+Gemini,Kambing tampaknya mulai dijinakkan sekitar 10.000 tahun lalu di pegunungan Zagros di Iran.,"Kampakan banyak mulai digunakan sekitar sepuluh ribu tahun menurut pengetahuan saya, di seluruh Iran.",0.6923076923076923,0.7692307692307693,23.838348865509033,0.5187520980834961,23.319596767425537, Kambentan banyak mulai diginakan sekitar seuluh riputau nalutip konongan saya across di Iran.
sample_006.wav,Whisper+Gemini,"Di kepulauan dan danau, Anda tidak perlu kapal pesiar.",Di Kebuluhan dan danau Anda tidak perlu kapal pesiar.,0.3333333333333333,0.2222222222222222,5.910573959350586,0.22031164169311523,5.690262317657471, di kebuluhan dan danau anda tidak perlu kapal kesiara
sample_007.wav,Whisper+Gemini,"Pemberitahuan reguler di Metro hanya menggunakan bahasa Katalan, tetapi gangguan tak terencana diumumkan lewat sistem otomatis dalam berbagai bahasa, antara lain Spanyol, Inggris, Prancis, Arab, dan Jepang.","Tom, pemberitahuan reguler di metro hanya menggunakan bahasa Katalan, tetapi gangguan tak terencana diumumkan mewakili sistem otomatis dalam berbagai bahasa, antara lain Spanyol, Inggris, Prancis, Arab, dan Jepang.",0.4444444444444444,0.07407407407407407,37.80005431175232,1.7823457717895508,36.01770853996277," Tom beritahuan reguler di metro hanya menggunakan fahasah katalan tetapi gangguan tak terencana diunumkan mewak sistem otomatis dalam berbagai pahasah, antara lain sepanol, ingriis, pransis, arah dan cepan."
sample_008.wav,Whisper+Gemini,Ini adalah salah satu atraksi utama Afrika Selatan dan dianggap sebagai andalan Taman Nasional Afrika Selatan (SANParks).,"Ini adalah salah satu atraksi utama Afrika Selatan dan diintegrasikan ke Pengelolaan Taman Nasional Afrika Selatan, dengan gurun pasir.",0.5294117647058824,0.4117647058823529,17.15698528289795,0.5696957111358643,16.587289571762085," Ini adalah salah satu atrak di utama Afrika Selatan dan diangkapsip ke Anggalan Taman najuna Afrika Selatan, dengan guru-sandpap."
sample_009.wav,Whisper+Gemini,"Mereka memiliki kaki dengan sisik dan cakar, bertelur, dan berjalan dengan dua kaki belakang seperti T-Rex.",Mereka mau laki-laki dengan sesi dan cakar untuk keluar dan perjalanan dengan dua kaki belakang seperti terakhir.,0.625,0.5,14.526739597320557,0.7789921760559082,13.747747421264648, mereka mau laki-laki dengan sesi dan jakar untuk keluar dan perjalan dengan dua gaki pelakang seperti terakhir.
sample_010.wav,Whisper+Gemini,"Dia juga terlibat dalam pengukiran uang kertas untuk banyak negara, contoh karyanya yang terbaru termasuk potret Perdana Menteri di bagian depan uang kertas $5 dan $100 Kanada yang baru.", Dia juga terlibat dalam pengokiran uang kertas untuk banyak negara. Sontok hari yang yang terbaru termasuk potret perdanaman 3 dibagian depan uang kertas lima dolar dan seratu stolar kanada yang baru.,0.4482758620689655,0.4482758620689655,600.6025683879852,0.5923614501953125,600.0102069377899, Dia juga terlibat dalam pengokiran uang kertas untuk banyak negara. Sontok hari yang yang terbaru termasuk potret perdanaman 3 dibagian depan uang kertas lima dolar dan seratu stolar kanada yang baru.
sample_011.wav,Whisper+Gemini,"Orang-orang telah mengenal unsur-unsur kimia dasar seperti emas, perak, dan tembaga dari zaman kuno karena semua ini dapat ditemukan di alam dalam bentuk aslinya dan relatif mudah ditambang dengan alat-alat primitif.","Orang-orang telah mengenal unsur-unsur kimia dan mineral seperti mas, perak, dan tembaga sejak zaman kuno, karena semua ini dapat ditemukan di alam dalam bentuk aslinya dan relatif mudah ditambang dengan alat-alat primitif.",0.6129032258064516,0.16129032258064516,25.542834281921387,1.5250043869018555,24.01782989501953," Orangurang telah mengenal un surun seru kimiya dan sar seperti mas, perak dan tembaga, jadi zaman kunuh karena semua ini dapat ditemukan di alam dalam menukasliya dengan ralatek muda ditambang dengan halat alat primitif."
sample_012.wav,Whisper+Gemini,"Dibangun oleh orang-orang Mesir pada abad ketiga SM, Piramida Agung merupakan salah satu dari banyak struktur piramida besar yang dibangun untuk menghormati Firaun yang telah meninggal dunia.","Dibangun oleh orang-orang Mesir pada abad ketiga sebelum Masehi, Piramida Agung merupakan salah satu dari banyak struktur piramida besar yang dibangun untuk menghormati firaun yang telah meninggal dunia.",0.3333333333333333,0.07407407407407407,6.199767112731934,0.7155706882476807,5.484196424484253," di bangun oleh orang-orang masyir pada abad ketiga sebelum masyih, diramida agung rupekan salah satu dari banyak struktur piramida besar yang dibangun untuk menghormatifier-ahun yang telah meninggal dunia."
sample_013.wav,Whisper+Gemini,Sultan Maroko membangun kembali kota tersebut menjadi Daru I-Badya. Kota tersebut kemudian dinamai Casablanca oleh para pedagang Spanyol yang mendirikan basis perdagangan di sana.,Sultan Maroukou membangun kembali kota tersebut menjadi deru ibadia. Kota tersebut kemudian dinamai Casa Blanca oleh para pedagang Spanyol yang mendirikan basis perdagangan di sana.,0.4166666666666667,0.20833333333333334,14.225058555603027,0.8217883110046387,13.403270244598389, Sultan Maroukou memahun kembali kota tersebut menjadi deru ibadia. Kota tersebut kemudian di namaikasa belangka oleh para pedagong spanyol yang mendirikan bahasis pedagongan di sana.
sample_014.wav,Whisper+Gemini,Wisatawan yang bepergian ke negara-negara berpajak yang tinggi kadang-kadang bisa menghemat uang untuk produk-produk seperti minuman beralkohol dan tembakau.,"Wisatawan yang bepergian, kena pajak yang tinggi, kadang-kadang bisa menghemat uang untuk produk-produk seperti minuman beralkohol dan tembakau.",0.47368421052631576,0.2631578947368421,23.321268320083618,0.7358725070953369,22.58539581298828," Wisatawan yang berperkian kena karan-kara perpaca yang tinggi, kadang-kadang bisa menghemat wang untuk produk-produks seperti minuman per alkohol dan tembakau."
