Voice;Ref;Pred_Raw;Pred_LLM;WER_Raw;WER_LLM;Time_ASR;Time_LLM;Time_Total
sample_000.wav;Tim-tim virtual memiliki standar keunggulan yang sama dengan tim konvensional, tetapi ada sedikit perbedaan.; Tim tim virtual memiliki standard keunggulan yang sama dengan tim konfensional, tetapi ada sedikit perbedaan.;Tim virtual memiliki standard keunggulan yang sama dengan tim konfensional, tetapi ada sedikit perbedaan.;0,28571429;0,21428571;2,69591999;8,17366195;10,86958194
sample_001.wav;Segera setelah permusuhan pecah, Britania memulai blokade laut Jerman.; Segera setelah permusuhan pecah, pita nih yang memulai blokad ilau cerman.;Segera setelah permusuhan pecah, pita yang memulai blokad ilau cerman.;0,66666667;0,55555556;0,67766428;1,67855287;2,35621715
sample_002.wav;Semua nomina, di samping kata Sie untuk Anda, selalu dimulai dengan huruf kapital, bahkan di tengah kalimat.; semua nominah di sampen rata sih untuk anda selalu dimulai dengan hokkapital bahkan di tengah kalimat;Seamua nominah di sampen rata sih untuk Anda selalu dimulai dengan huruf kapital, bahkan di tengah kalimat.;0,47058824;0,35294118;0,69873953;1,80286360;2,50160313
sample_003.wav;Ini sepertinya masuk akal, karena Bumi tidak terasa seperti bergerak, bukan begitu?; ini sepertinya masuk akal karena kami tidak terasa seperti perkara bukan begitu;Ini sepertinya masuk akal karena kami tidak merasa seperti itu.;0,33333333;0,50000000;0,48391008;1,54520059;2,02911067
sample_004.wav;Di sisi lain, kondisi yang dingin dan bersalju tergolong normal di banyak negara dan lalu lintas terus berlanjut tanpa gangguan sepanjang tahun.; diisisi lain, kondisi yang tingin dan persaal juter kolong normal dipanya negara dan lalu dintas terus berlangjut tanpa pengguan sepanjang tahun.;Disisi lain, kondisi yang tingin dan persaal juter kolong normal dipanya negara dan lalu dintas terus berlangjut tanpa pengguan sepanjang tahun.;0,50000000;0,50000000;1,04220414;2,58641815;3,62862229
sample_005.wav;Kambing tampaknya mulai dijinakkan sekitar 10.000 tahun lalu di pegunungan Zagros di Iran.; Kambentan banyak mulai diginakan sekitar seuluh riputau nalutip konongan saya across di Iran.;Kambentan banyak mulai diginakan sekitar seuluh riputau nalutip konongan saya across di Iran.;0,69230769;0,69230769;0,70701289;1,78687334;2,49388623
sample_006.wav;Di kepulauan dan danau, Anda tidak perlu kapal pesiar.; di kebuluhan dan danau anda tidak perlu kapal kesiara;Di kebuluhan dan danau Anda tidak perlu kapal kira-kira.;0,33333333;0,33333333;0,44213748;1,73627114;2,17840862
sample_007.wav;Pemberitahuan reguler di Metro hanya menggunakan bahasa Katalan, tetapi gangguan tak terencana diumumkan lewat sistem otomatis dalam berbagai bahasa, antara lain Spanyol, Inggris, Prancis, Arab, dan Jepang.; Tom beritahuan reguler di metro hanya menggunakan fahasah katalan tetapi gangguan tak terencana diunumkan mewak sistem otomatis dalam berbagai pahasah, antara lain sepanol, ingriis, pransis, arah dan cepan.;Tom beritahuan reguler di metro hanya menggunakan fahasah katalan, tetapi gangguan tak terencana diunumkan mewak sistem otomatis dalam berbagai pahasah, antara lain sepanol, ingriis, pransis, arah, dan cepan.;0,44444444;0,40740741;1,52869797;3,43723536;4,96593332
sample_008.wav;Ini adalah salah satu atraksi utama Afrika Selatan dan dianggap sebagai andalan Taman Nasional Afrika Selatan (SANParks).; Ini adalah salah satu atrak di utama Afrika Selatan dan diangkapsip ke Anggalan Taman najuna Afrika Selatan, dengan guru-sandpap.;Ini adalah salah satu atrak di utama Afrika Selatan dan diangkapsip ke Anggalan Taman Najuna Afrika Selatan, dengan guru-sandpap.;0,52941176;0,52941176;0,94282269;1,93713903;2,87996173
sample_009.wav;Mereka memiliki kaki dengan sisik dan cakar, bertelur, dan berjalan dengan dua kaki belakang seperti T-Rex.; mereka mau laki-laki dengan sesi dan jakar untuk keluar dan perjalan dengan dua gaki pelakang seperti terakhir.;Açıknya mau laki-laki dengan sesi dan jakar untuk keluar dan perjalan dengan dua gaki pelakang seperti terakhir.;0,62500000;0,68750000;0,68358755;1,78980589;2,47339344
sample_010.wav;Dia juga terlibat dalam pengukiran uang kertas untuk banyak negara, contoh karyanya yang terbaru termasuk potret Perdana Menteri di bagian depan uang kertas $5 dan $100 Kanada yang baru.; Dia juga terlibat dalam pengokiran uang kertas untuk banyak negara. Sontok hari yang yang terbaru termasuk potret perdanaman 3 dibagian depan uang kertas lima dolar dan seratu stolar kanada yang baru.;Dia juga terlibat dalam pengokiran uang kertas untuk banyak negara. Sontok hari yang terbaru termasuk perdanaman 3 dibagian depan uang kertas lima dolar dan seratu stolar Kanada yang baru.;0,44827586;0,44827586;1,22815132;2,69614720;3,92429852
sample_011.wav;Orang-orang telah mengenal unsur-unsur kimia dasar seperti emas, perak, dan tembaga dari zaman kuno karena semua ini dapat ditemukan di alam dalam bentuk aslinya dan relatif mudah ditambang dengan alat-alat primitif.; Orangurang telah mengenal un surun seru kimiya dan sar seperti mas, perak dan tembaga, jadi zaman kunuh karena semua ini dapat ditemukan di alam dalam menukasliya dengan ralatek muda ditambang dengan halat alat primitif.;Orangurang telah mengenal un surun seru kimiya dan sar seperti mas, perak, dan tembaga, jadi zaman kunuh karena semua ini dapat ditemukan di alam dalam menukasliya dengan ralatek muda ditambang dengan halat alat primitif.;0,61290323;0,58064516;1,45319605;3,19866300;4,65185905
sample_012.wav;Dibangun oleh orang-orang Mesir pada abad ketiga SM, Piramida Agung merupakan salah satu dari banyak struktur piramida besar yang dibangun untuk menghormati Firaun yang telah meninggal dunia.; di bangun oleh orang-orang masyir pada abad ketiga sebelum masyih, diramida agung rupekan salah satu dari banyak struktur piramida besar yang dibangun untuk menghormatifier-ahun yang telah meninggal dunia.;Di bangun oleh orang-orang masyir pada abad ketiga sebelum masyih, diramida agung rupekan salah satu dari banyak struktur piramida besar yang dibangun untuk menghormatifier-ahun yang telah meninggal dunia.;0,33333333;0,33333333;1,31843567;3,38946033;4,70789599
sample_013.wav;Sultan Maroko membangun kembali kota tersebut menjadi Daru I-Badya. Kota tersebut kemudian dinamai Casablanca oleh para pedagang Spanyol yang mendirikan basis perdagangan di sana.; Sultan Maroukou memahun kembali kota tersebut menjadi deru ibadia. Kota tersebut kemudian di namaikasa belangka oleh para pedagong spanyol yang mendirikan bahasis pedagongan di sana.;Sultan Maroukou kembali kota tersebut menjadi deru ibadia. Kota tersebut kemudian dinamaikasa Belangka oleh para pedagong Spanyol yang mendirikan basis pendidikan di sana.;0,41666667;0,33333333;1,38442826;2,65639758;4,04082584
sample_014.wav;Wisatawan yang bepergian ke negara-negara berpajak yang tinggi kadang-kadang bisa menghemat uang untuk produk-produk seperti minuman beralkohol dan tembakau.; Wisatawan yang berperkian kena karan-kara perpaca yang tinggi, kadang-kadang bisa menghemat wang untuk produk-produks seperti minuman per alkohol dan tembakau.;Wisatawan yang berpergian kena Karan-kara Perpakaian yang tinggi, kadang-kadang bisa menghemat uang untuk produk-produk seperti minuman peralkohol dan tembakau.;0,47368421;0,31578947;1,25468898;2,45446873;3,70915771
